<?xml version="1.0" encoding="UTF-8"?>
<feature
      id="org.eclipse.cdt.gnu.dsf"
      label="%featureName"
      version="2.0.0.201002161416"
      provider-name="%providerName">

   <description>
      %description
   </description>

   <copyright>
      %copyright
   </copyright>

   <license url="%licenseURL">
      %license
   </license>

   <url>
      <update label="%updateSiteName" url="http://download.eclipse.org/tools/cdt/releases/galileo"/>
   </url>

   <requires>
      <import plugin="org.eclipse.core.runtime"/>
      <import plugin="org.eclipse.cdt.dsf"/>
      <import plugin="org.eclipse.debug.core"/>
      <import plugin="org.eclipse.cdt.core"/>
      <import plugin="org.eclipse.cdt.debug.core"/>
      <import plugin="org.eclipse.core.variables"/>
      <import plugin="org.eclipse.jface"/>
      <import plugin="org.eclipse.ui"/>
      <import plugin="org.eclipse.cdt.dsf.ui"/>
      <import plugin="org.eclipse.debug.ui"/>
      <import plugin="org.eclipse.cdt.debug.ui"/>
      <import plugin="org.eclipse.cdt.ui"/>
      <import plugin="org.eclipse.ui.ide"/>
      <import plugin="org.eclipse.core.expressions"/>
      <import plugin="org.eclipse.ui.console"/>
      <import plugin="com.ibm.icu"/>
   </requires>

   <plugin
         id="org.eclipse.cdt.dsf.gdb"
         download-size="0"
         install-size="0"
         version="2.0.0.201002161416"
         unpack="false"/>

   <plugin
         id="org.eclipse.cdt.dsf.gdb.ui"
         download-size="0"
         install-size="0"
         version="2.0.0.201002161416"
         unpack="false"/>

</feature>
