<?xml version="1.0" encoding="UTF-8"?>
<feature
      id="org.eclipse.cdt.gnu.build"
      label="%featureName"
      version="6.0.0.201002161416"
      provider-name="%providerName">

   <description>
      %description
   </description>

   <copyright>
      %copyright
   </copyright>

   <license url="%licenseURL">
      %license
   </license>

   <url>
      <update label="%updateSiteName" url="http://download.eclipse.org/tools/cdt/releases/galileo"/>
   </url>

   <requires>
      <import plugin="org.eclipse.core.runtime" version="3.2.0" match="compatible"/>
      <import plugin="org.eclipse.cdt.core" version="5.0.0" match="compatible"/>
      <import plugin="org.eclipse.core.resources"/>
      <import plugin="org.eclipse.cdt.managedbuilder.core" version="6.0.0" match="compatible"/>
   </requires>

   <plugin
         id="org.eclipse.cdt.managedbuilder.gnu.ui"
         download-size="0"
         install-size="0"
         version="5.0.100.201002161416"
         unpack="false"/>

</feature>
