<?xml version="1.0" encoding="UTF-8"?>
<!-- contextQualifierLength=13 -->
<feature
      id="org.eclipse.epp.package.cpp.feature"
      label="EPP CPP Feature"
      version="1.2.2.20100209-1511"
      provider-name="Eclipse.org - EPP"
      plugin="org.eclipse.epp.package.cpp">

   <description>
      An IDE for C/C++ developers with Mylyn integration.
   </description>

   <license url="license.html">
      %license
   </license>

   <url>
      <discovery label="Galileo" url="http://download.eclipse.org/releases/galileo/"/>
      <discovery label="Eclipse Platform 3.5" url="http://download.eclipse.org/eclipse/updates/3.5"/>
   </url>

   <includes
         id="org.eclipse.platform"
         version="3.5.2.R35x_v20100210-0800-9hEiFzmFst-TiEn9hNYgDWg1XN8ulH_JvCNGB"
         search-location="both"/>

   <requires>
      <import feature="org.eclipse.cvs" version="1.1.0" match="greaterOrEqual"/>
      <import feature="org.eclipse.equinox.p2.user.ui" version="1.1.0" match="greaterOrEqual"/>
      <import feature="org.eclipse.help" version="1.1.0" match="greaterOrEqual"/>
      <import feature="org.eclipse.platform" version="3.5.0" match="greaterOrEqual"/>
      <import feature="org.eclipse.rcp" version="3.5.0" match="greaterOrEqual"/>
      <import feature="org.eclipse.cdt.platform" version="6.0.0" match="greaterOrEqual"/>
      <import feature="org.eclipse.cdt" version="6.0.0" match="greaterOrEqual"/>
      <import feature="org.eclipse.mylyn_feature"/>
      <import feature="org.eclipse.mylyn.context_feature"/>
      <import feature="org.eclipse.mylyn.team_feature"/>
      <import feature="org.eclipse.mylyn.ide_feature"/>
      <import feature="org.eclipse.mylyn.bugzilla_feature"/>
      <import feature="org.eclipse.mylyn.wikitext_feature"/>
      <import feature="org.eclipse.cdt.mylyn"/>
      <import feature="org.eclipse.epp.usagedata.feature"/>
      <import feature="org.eclipse.cdt.p2"/>
   </requires>

   <plugin
         id="org.eclipse.epp.package.cpp"
         download-size="0"
         install-size="0"
         version="1.2.2.20100122-1337"/>

</feature>
