<?xml version="1.0" encoding="UTF-8"?>
<feature
      id="org.eclipse.cdt"
      label="%featureName"
      version="6.0.2.201002161416"
      provider-name="%providerName"
      image="eclipse_update_120.jpg">

   <description>
      %description
   </description>

   <copyright>
      %copyright
   </copyright>

   <license url="%licenseURL">
      %license
   </license>

   <url>
      <update label="%updateSiteName" url="http://download.eclipse.org/tools/cdt/releases/galileo"/>
   </url>

   <includes
         id="org.eclipse.cdt.platform"
         version="6.0.2.201002161416"/>

   <includes
         id="org.eclipse.cdt.gnu.build"
         version="6.0.0.201002161416"/>

   <includes
         id="org.eclipse.cdt.gnu.debug"
         version="6.0.0.201002161416"/>

   <includes
         id="org.eclipse.cdt.gnu.dsf"
         version="2.0.0.201002161416"/>

</feature>
