<?xml version="1.0" encoding="UTF-8"?>
<feature
      id="org.eclipse.cdt.mylyn"
      label="%featureName"
      version="5.1.0.201002161416"
      provider-name="%providerName"
      plugin="org.eclipse.cdt.mylyn">

   <description>
      %description
   </description>

   <copyright url="http://www.eclipse.org/legal/epl-v10.html">
      %copyright
   </copyright>

   <license url="%licenseURL">
      %license
   </license>

   <url>
      <update label="%updateSiteName" url="http://download.eclipse.org/tools/cdt/releases/galileo"/>
   </url>

   <requires>
      <import plugin="org.eclipse.ui"/>
      <import plugin="org.eclipse.core.resources"/>
      <import plugin="org.eclipse.core.runtime"/>
      <import plugin="org.eclipse.ui.views"/>
      <import plugin="org.eclipse.ui.ide"/>
      <import plugin="org.eclipse.jface.text"/>
      <import plugin="org.eclipse.ui.editors" version="3.4.0" match="greaterOrEqual"/>
      <import plugin="org.eclipse.ui.forms" version="3.3.100" match="greaterOrEqual"/>
      <import plugin="org.eclipse.ui.navigator" version="3.3.100" match="greaterOrEqual"/>
      <import plugin="com.ibm.icu"/>
      <import plugin="org.eclipse.cdt.core" version="5.0.0" match="greaterOrEqual"/>
      <import plugin="org.eclipse.mylyn.context.core" version="3.0.0" match="greaterOrEqual"/>
      <import plugin="org.eclipse.mylyn.resources.ui" version="3.0.0" match="greaterOrEqual"/>
      <import plugin="org.eclipse.mylyn.monitor.core" version="3.0.0" match="greaterOrEqual"/>
      <import plugin="org.eclipse.cdt.ui" version="5.0.0" match="greaterOrEqual"/>
      <import plugin="org.eclipse.mylyn.context.ui" version="3.0.0" match="greaterOrEqual"/>
      <import plugin="org.eclipse.mylyn.monitor.ui" version="3.0.0" match="greaterOrEqual"/>
      <import plugin="org.eclipse.mylyn.tasks.ui" version="3.0.0" match="greaterOrEqual"/>
      <import plugin="org.eclipse.mylyn.tasks.core" version="3.0.0" match="greaterOrEqual"/>
      <import plugin="org.eclipse.mylyn.commons.core" version="3.0.0" match="greaterOrEqual"/>
   </requires>

   <plugin
         id="org.eclipse.cdt.mylyn.ui"
         download-size="0"
         install-size="0"
         version="1.0.100.201002161416"
         unpack="false"/>

   <plugin
         id="org.eclipse.cdt.mylyn"
         download-size="0"
         install-size="0"
         version="1.0.100.201002161416"
         unpack="false"/>

</feature>
